name,brand,price_pkr,ram_gb,storage_gb,camera_mp,battery_mah,processor_tier,tier_label,source,source_url
Nokia 105 Classic,Nokia,2999,6,128,50,5000,0,0,WhatMobile,https://www.whatmobile.com.pk/Nokia_105-Classic
itel Muzik 400,itel,3700,6,128,50,3000,0,0,WhatMobile,https://www.whatmobile.com.pk/itel_Muzik-400
Nokia 108 2024,Nokia,4199,6,128,50,1450,0,0,WhatMobile,https://www.whatmobile.com.pk/Nokia_108-2024
itel Muzik 400 Pro,itel,4400,6,128,50,3000,0,0,WhatMobile,https://www.whatmobile.com.pk/itel_Muzik-400-Pro
itel Super Guru 600,itel,4499,6,128,3,1900,0,0,WhatMobile,https://www.whatmobile.com.pk/itel_Super-Guru-600
Nokia 125 2024,Nokia,5199,6,128,50,1450,0,0,WhatMobile,https://www.whatmobile.com.pk/Nokia_125-2024
Itel A22,Itel,5994,2,32,8,3800,1,0,WhatMobile,https://www.whatmobile.com.pk
Nokia 8,Nokia,6993,4,64,16,3300,1,0,MegaPK,https://megapk.com
Itel Vision 11,Itel,6993,2,64,16,3000,1,0,WhatMobile,https://www.whatmobile.com.pk
Itel P21,Itel,6993,3,32,16,3400,1,0,HamariWeb,https://hamariweb.com
Itel P23,Itel,6993,4,64,8,2900,1,0,HamariWeb,https://hamariweb.com
Tecno Phantom 16,Tecno,9990,4,64,16,3600,1,0,WhatMobile,https://www.whatmobile.com.pk
Infinix Zero 22,Infinix,9990,3,64,13,3500,1,0,MegaPK,https://megapk.com
Sparx Edge 6,Sparx,10989,4,64,8,2700,1,0,WhatMobile,https://www.whatmobile.com.pk
Itel P5,Itel,10989,2,32,13,3500,1,0,WhatMobile,https://www.whatmobile.com.pk
Infinix Hot 14,Infinix,10989,2,64,8,3300,1,0,WhatMobile,https://www.whatmobile.com.pk
Tecno Camon 13,Tecno,11988,3,64,8,2500,1,0,HamariWeb,https://hamariweb.com
Nokia C14,Nokia,11988,4,64,16,3500,1,0,WhatMobile,https://www.whatmobile.com.pk
Itel Vision 15,Itel,12987,3,64,8,3400,1,0,MegaPK,https://megapk.com
Nokia C16,Nokia,12987,3,64,13,3300,1,0,HamariWeb,https://hamariweb.com
Xiaomi Poco M7,Xiaomi,12987,4,32,16,2500,1,0,MegaPK,https://megapk.com
Realme GT 20,Realme,13986,3,32,8,2500,1,0,WhatMobile,https://www.whatmobile.com.pk
Xiaomi Poco M24,Xiaomi,13986,3,64,16,3100,1,0,WhatMobile,https://www.whatmobile.com.pk
Oppo Reno 18,Oppo,14985,3,64,8,3100,1,0,WhatMobile,https://www.whatmobile.com.pk
Xiaomi Redmi 24,Xiaomi,14985,4,32,8,3500,1,0,MegaPK,https://megapk.com
Sparx Edge 5,Sparx,14985,4,64,13,2700,1,0,WhatMobile,https://www.whatmobile.com.pk
Itel A9,Itel,14985,4,64,16,3600,1,0,WhatMobile,https://www.whatmobile.com.pk
SEGO Smart 9 HD,SEGO,14999,2,64,13,4000,0,0,WhatMobile,https://www.whatmobile.com.pk/SEGO_Smart-9-HD
itel A50c,itel,14999,2,32,8,4000,0,0,WhatMobile,https://www.whatmobile.com.pk/itel_A50c
Xiaomi Redmi 15,Xiaomi,15984,4,128,48,3600,2,0,WhatMobile,https://www.whatmobile.com.pk
Samsung Galaxy F16,Samsung,15984,4,64,48,2800,2,0,HamariWeb,https://hamariweb.com
Oppo F20,Oppo,15984,4,128,13,3200,2,0,MegaPK,https://megapk.com
Itel P18,Itel,15984,4,64,13,2500,2,0,MegaPK,https://megapk.com
Samsung Galaxy S17,Samsung,15984,6,128,50,3100,2,0,WhatMobile,https://www.whatmobile.com.pk
Realme C22,Realme,15984,6,128,48,2700,1,0,WhatMobile,https://www.whatmobile.com.pk
Infinix Hot 24,Infinix,15984,4,128,48,3600,2,0,WhatMobile,https://www.whatmobile.com.pk
Samsung Galaxy F17,Samsung,15984,6,128,13,2800,1,0,WhatMobile,https://www.whatmobile.com.pk
Realme 9 Pro,Realme,16983,6,64,13,2900,2,0,WhatMobile,https://www.whatmobile.com.pk
Oppo Find X23,Oppo,16983,3,128,48,2800,2,0,WhatMobile,https://www.whatmobile.com.pk
Xiaomi Poco X13,Xiaomi,16983,4,128,48,4100,2,0,WhatMobile,https://www.whatmobile.com.pk
itel A50c 64GB,itel,16999,2,64,8,4000,0,0,WhatMobile,https://www.whatmobile.com.pk/itel_A50c-64GB
Sparx Neo 8i,Sparx,17499,4,64,13,5000,0,0,WhatMobile,https://www.whatmobile.com.pk/Sparx_Neo-8i
Honor 7 Lite,Honor,17982,4,128,13,2700,2,0,WhatMobile,https://www.whatmobile.com.pk
Vivo Y28,Vivo,17982,4,128,48,2500,1,0,WhatMobile,https://www.whatmobile.com.pk
Infinix Smart 20,Infinix,17982,6,64,48,3100,2,0,WhatMobile,https://www.whatmobile.com.pk
Infinix Zero 20,Infinix,17982,4,128,50,3100,2,0,HamariWeb,https://hamariweb.com
Sparx Edge 11,Sparx,18981,6,128,48,3700,2,0,HamariWeb,https://hamariweb.com
Tecno Pop 19,Tecno,18981,3,128,48,2700,2,0,WhatMobile,https://www.whatmobile.com.pk
Realme 28 Pro,Realme,18981,4,128,13,2700,2,0,HamariWeb,https://hamariweb.com
Oppo A17,Oppo,18981,4,128,48,3600,1,0,WhatMobile,https://www.whatmobile.com.pk
Honor Magic 13,Honor,18981,6,128,48,2700,2,0,HamariWeb,https://hamariweb.com
Samsung Galaxy F22,Samsung,18981,4,128,50,2900,2,0,WhatMobile,https://www.whatmobile.com.pk
Xiaomi Redmi 19,Xiaomi,19980,3,64,48,2600,2,0,WhatMobile,https://www.whatmobile.com.pk
Infinix Smart 18,Infinix,19980,4,128,13,3000,2,0,WhatMobile,https://www.whatmobile.com.pk
Tecno Spark 19,Tecno,19980,6,128,48,2500,2,0,HamariWeb,https://hamariweb.com
Tecno Camon 17,Tecno,19980,3,128,50,3500,2,0,MegaPK,https://megapk.com
Honor Magic 17,Honor,19980,6,128,48,3000,1,0,MegaPK,https://megapk.com
Sparx Neo 15,Sparx,19999,4,64,13,4500,0,0,WhatMobile,https://www.whatmobile.com.pk/Sparx_Neo-15
Tecno Spark Go 2,Tecno,19999,2,64,13,5000,0,0,WhatMobile,https://www.whatmobile.com.pk/Tecno_Spark-Go-2
Infinix Smart 10,Infinix,20979,6,128,13,3200,2,0,WhatMobile,https://www.whatmobile.com.pk
Xiaomi Redmi 5,Xiaomi,20979,4,128,50,2900,2,0,HamariWeb,https://hamariweb.com
Huawei P10,Huawei,20979,4,64,13,3100,2,0,MegaPK,https://megapk.com
Samsung Galaxy S8,Samsung,20979,6,128,13,3200,2,0,HamariWeb,https://hamariweb.com
Vivo V28,Vivo,21978,6,64,50,4100,2,0,WhatMobile,https://www.whatmobile.com.pk
Sparx Neo 6,Sparx,21978,4,128,48,3700,2,0,WhatMobile,https://www.whatmobile.com.pk
Oppo Reno 15,Oppo,21978,4,128,48,4100,2,0,HamariWeb,https://hamariweb.com
Xiaomi Poco X9,Xiaomi,22977,6,64,50,2900,2,0,MegaPK,https://megapk.com
Oppo Find X6,Oppo,22977,4,64,50,3100,1,0,HamariWeb,https://hamariweb.com
Huawei Y11,Huawei,22977,4,64,50,3200,2,0,WhatMobile,https://www.whatmobile.com.pk
Nokia G21,Nokia,22977,4,128,48,3300,2,0,WhatMobile,https://www.whatmobile.com.pk
Oppo A6,Oppo,22977,6,128,13,3200,1,0,WhatMobile,https://www.whatmobile.com.pk
Vivo Y13,Vivo,22977,6,128,48,2600,2,0,HamariWeb,https://hamariweb.com
Nokia X12,Nokia,22977,3,128,48,3300,2,0,WhatMobile,https://www.whatmobile.com.pk
Samsung Galaxy M9,Samsung,22977,6,128,50,3200,2,0,MegaPK,https://megapk.com
Xiaomi Redmi Note 23,Xiaomi,22977,6,128,48,2900,2,0,HamariWeb,https://hamariweb.com
Sparx Neo 15 Pro,Sparx,23499,4,128,13,5000,0,0,WhatMobile,https://www.whatmobile.com.pk/Sparx_Neo-15-Pro
Tecno Camon 15,Tecno,23976,4,64,48,3500,1,0,HamariWeb,https://hamariweb.com
Sparx S8,Sparx,23976,4,128,50,3100,2,0,WhatMobile,https://www.whatmobile.com.pk
Oppo Reno 21,Oppo,23976,4,128,48,3100,2,0,MegaPK,https://megapk.com
Honor Magic 15,Honor,23976,4,128,48,2500,2,0,WhatMobile,https://www.whatmobile.com.pk
itel A100C,itel,23999,4,64,8,5000,0,0,WhatMobile,https://www.whatmobile.com.pk/itel_A100C
Sparx Edge 17,Sparx,24975,6,128,48,3200,2,0,HamariWeb,https://hamariweb.com
Oppo Find X10,Oppo,24975,4,128,13,3100,1,0,HamariWeb,https://hamariweb.com
Oppo Find X9,Oppo,24975,6,128,48,3100,2,0,MegaPK,https://megapk.com
Sparx Edge 21,Sparx,24975,4,128,50,3600,1,0,WhatMobile,https://www.whatmobile.com.pk
Sparx S20,Sparx,25974,4,64,13,3000,2,0,WhatMobile,https://www.whatmobile.com.pk
Oppo A22,Oppo,25974,6,128,48,2500,2,0,HamariWeb,https://hamariweb.com
Infinix Note 8,Infinix,25974,3,128,48,2900,2,0,WhatMobile,https://www.whatmobile.com.pk
Xiaomi Poco M9,Xiaomi,25974,6,64,13,3000,2,0,HamariWeb,https://hamariweb.com
Nokia X10,Nokia,25974,4,64,48,3700,2,0,HamariWeb,https://hamariweb.com
Realme C8,Realme,26973,6,128,13,3700,2,0,HamariWeb,https://hamariweb.com
Samsung Galaxy S11,Samsung,26973,4,128,50,3500,1,0,MegaPK,https://megapk.com
Xiaomi Poco M21,Xiaomi,26973,3,128,13,3300,1,0,WhatMobile,https://www.whatmobile.com.pk
Xiaomi Poco M13,Xiaomi,26973,4,128,13,2500,2,0,WhatMobile,https://www.whatmobile.com.pk
Tecno Phantom 24,Tecno,26973,3,128,50,3100,1,0,HamariWeb,https://hamariweb.com
Tecno Camon 23,Tecno,27972,6,128,50,3200,1,0,MegaPK,https://megapk.com
Infinix Note 7,Infinix,27972,6,64,50,3400,2,0,WhatMobile,https://www.whatmobile.com.pk
Samsung Galaxy A24,Samsung,27972,4,128,50,3400,1,0,HamariWeb,https://hamariweb.com
Samsung Galaxy M7,Samsung,27972,4,128,13,2600,1,0,HamariWeb,https://hamariweb.com
Tecno Spark 22,Tecno,27972,3,128,13,3700,2,0,HamariWeb,https://hamariweb.com
Sparx S26,Sparx,27972,4,128,50,2700,2,0,HamariWeb,https://hamariweb.com
Realme C11,Realme,27972,4,64,50,3200,1,0,WhatMobile,https://www.whatmobile.com.pk
Oppo F7,Oppo,27972,3,64,50,3300,2,0,HamariWeb,https://hamariweb.com
Honor X5c,Honor,27999,4,64,13,5260,0,0,WhatMobile,https://www.whatmobile.com.pk/Honor_X5c
Dcode Cygnal Evo,Dcode,27999,4,128,13,5000,0,0,WhatMobile,https://www.whatmobile.com.pk/Dcode_Cygnal-Evo
Honor X15,Honor,28971,4,128,48,3600,1,0,MegaPK,https://megapk.com
Vivo X9,Vivo,28971,4,64,13,2600,2,0,HamariWeb,https://hamariweb.com
Xiaomi Redmi 26,Xiaomi,28971,4,128,50,3800,1,0,WhatMobile,https://www.whatmobile.com.pk
Realme 19 Pro,Realme,28971,6,64,50,3000,2,0,WhatMobile,https://www.whatmobile.com.pk
Nokia C21,Nokia,28971,4,64,48,3300,2,0,MegaPK,https://megapk.com
itel City 200,itel,28999,4,128,50,5200,0,0,WhatMobile,https://www.whatmobile.com.pk/itel_City-200
Sparx Neo 15 Ultra,Sparx,29499,6,128,50,5000,0,0,WhatMobile,https://www.whatmobile.com.pk/Sparx_Neo-15-Ultra
Samsung Galaxy A8,Samsung,29970,6,128,48,3800,2,0,WhatMobile,https://www.whatmobile.com.pk
Nokia 26,Nokia,29970,3,64,50,3700,2,0,WhatMobile,https://www.whatmobile.com.pk
Realme Note 21,Realme,29970,6,128,13,2500,2,0,HamariWeb,https://hamariweb.com
Infinix Smart 23,Infinix,29970,6,128,50,2500,2,0,WhatMobile,https://www.whatmobile.com.pk
Tecno Pop 11,Tecno,29970,3,128,13,3200,1,0,WhatMobile,https://www.whatmobile.com.pk
Tecno Pop 24,Tecno,29970,4,128,48,2900,2,0,WhatMobile,https://www.whatmobile.com.pk
Nokia C25,Nokia,29970,4,128,48,3100,2,0,MegaPK,https://megapk.com
Tecno Pop 5,Tecno,29970,4,128,48,3300,2,0,MegaPK,https://megapk.com
Nokia G16,Nokia,29970,4,128,48,2800,2,0,HamariWeb,https://hamariweb.com
Sparx S15,Sparx,30969,6,128,13,2800,1,1,HamariWeb,https://hamariweb.com
Oppo Find X15,Oppo,30969,8,128,50,3400,2,1,WhatMobile,https://www.whatmobile.com.pk
Realme GT 9,Realme,30969,6,256,48,2800,2,1,WhatMobile,https://www.whatmobile.com.pk
Xiaomi Poco X19,Xiaomi,30969,4,128,13,3000,2,1,MegaPK,https://megapk.com
Samsung Galaxy A10,Samsung,30969,6,128,50,2500,1,1,MegaPK,https://megapk.com
Xiaomi Poco M19,Xiaomi,30969,8,128,13,2900,2,1,WhatMobile,https://www.whatmobile.com.pk
Oppo A20,Oppo,31968,8,128,48,2800,2,1,HamariWeb,https://hamariweb.com
Realme C28,Realme,31968,6,128,48,2800,2,1,HamariWeb,https://hamariweb.com
Sparx Edge 20,Sparx,31968,6,128,50,2800,1,1,WhatMobile,https://www.whatmobile.com.pk
Tecno Spark Go 3,Tecno,31999,4,128,13,5000,0,1,WhatMobile,https://www.whatmobile.com.pk/Tecno_Spark-Go-3
Realme Note 60x 128GB,Realme,31999,4,128,8,5000,0,1,WhatMobile,https://www.whatmobile.com.pk/Realme_Note-60x-128GB
Xiaomi Poco M26,Xiaomi,32967,6,256,48,3100,1,1,WhatMobile,https://www.whatmobile.com.pk
Realme Note 12,Realme,32967,8,256,48,3600,2,1,MegaPK,https://megapk.com
Oppo F23,Oppo,32967,6,128,48,2600,2,1,WhatMobile,https://www.whatmobile.com.pk
Realme C6,Realme,33966,8,256,13,4200,2,1,WhatMobile,https://www.whatmobile.com.pk
Vivo Y05,Vivo,33999,4,64,8,6500,0,1,WhatMobile,https://www.whatmobile.com.pk/Vivo_Y05
Oppo A6x,Oppo,33999,4,64,13,6500,0,1,WhatMobile,https://www.whatmobile.com.pk/Oppo_A6x
Oppo A5,Oppo,34965,6,256,50,2700,2,1,WhatMobile,https://www.whatmobile.com.pk
Oppo A26,Oppo,34965,8,256,50,3000,2,1,MegaPK,https://megapk.com
Xiaomi Redmi Note 6,Xiaomi,34965,6,256,48,3300,2,1,HamariWeb,https://hamariweb.com
Oppo A21,Oppo,34965,8,256,50,3200,2,1,HamariWeb,https://hamariweb.com
Vivo T9,Vivo,34965,8,128,50,2600,1,1,HamariWeb,https://hamariweb.com
Oppo A6c,Oppo,34999,4,64,13,7000,0,1,WhatMobile,https://www.whatmobile.com.pk/Oppo_A6c
Tecno Spark 24,Tecno,36963,6,128,13,3700,2,1,HamariWeb,https://hamariweb.com
Vivo Y16,Vivo,36963,6,256,50,2900,2,1,WhatMobile,https://www.whatmobile.com.pk
Xiaomi Poco M5,Xiaomi,36963,6,128,50,3200,2,1,HamariWeb,https://hamariweb.com
Xiaomi Redmi 13,Xiaomi,36999,6,128,108,5030,1,1,MegaPK,https://megapk.com
Samsung Galaxy F18,Samsung,37962,6,128,50,3100,1,1,WhatMobile,https://www.whatmobile.com.pk
Infinix Smart 9,Infinix,37962,4,128,13,2500,1,1,HamariWeb,https://hamariweb.com
Realme 15 Pro,Realme,37962,4,128,50,3400,2,1,HamariWeb,https://hamariweb.com
Realme Note 5,Realme,37962,8,128,48,3600,2,1,WhatMobile,https://www.whatmobile.com.pk
Vivo Y05 128GB,Vivo,37999,4,128,8,6500,0,1,WhatMobile,https://www.whatmobile.com.pk/Vivo_Y05-128GB
Samsung Galaxy A11,Samsung,38961,8,256,13,2700,1,1,WhatMobile,https://www.whatmobile.com.pk
Xiaomi Poco M6,Xiaomi,38961,6,128,13,3000,1,1,HamariWeb,https://hamariweb.com
Samsung Galaxy M8,Samsung,38961,4,128,50,3400,2,1,HamariWeb,https://hamariweb.com
Oppo A11,Oppo,38961,6,128,50,3300,2,1,WhatMobile,https://www.whatmobile.com.pk
Vivo T10,Vivo,40959,4,256,64,2900,2,1,MegaPK,https://megapk.com
Samsung Galaxy S6,Samsung,40959,6,256,108,3300,2,1,WhatMobile,https://www.whatmobile.com.pk
Realme GT 6,Realme,40959,4,128,64,3400,2,1,WhatMobile,https://www.whatmobile.com.pk
Realme C14,Realme,40959,4,128,50,3200,2,1,MegaPK,https://megapk.com
ZTE nubia V80 Max,ZTE,41999,8,256,50,6000,0,1,WhatMobile,https://www.whatmobile.com.pk/ZTE_nubia-V80-Max
Samsung Galaxy A9,Samsung,42957,8,128,108,3300,2,1,HamariWeb,https://hamariweb.com
Samsung Galaxy S18,Samsung,43956,6,128,50,3400,2,1,WhatMobile,https://www.whatmobile.com.pk
Oppo Find X22,Oppo,43956,6,128,64,2500,2,1,WhatMobile,https://www.whatmobile.com.pk
Xiaomi Redmi Note 13,Xiaomi,43956,8,256,108,3200,2,1,WhatMobile,https://www.whatmobile.com.pk
Oppo A10,Oppo,43956,6,256,64,3600,2,1,WhatMobile,https://www.whatmobile.com.pk
Oppo A8,Oppo,43956,8,256,64,2800,2,1,MegaPK,https://megapk.com
Tecno Pop 20,Tecno,43956,6,256,50,3200,2,1,WhatMobile,https://www.whatmobile.com.pk
Vivo Y11d,Vivo,43999,4,128,50,6500,0,1,WhatMobile,https://www.whatmobile.com.pk/Vivo_Y11d
Realme C15,Realme,44955,8,256,64,3700,2,1,HamariWeb,https://hamariweb.com
Vivo Y18,Vivo,44955,8,128,108,2900,2,1,HamariWeb,https://hamariweb.com
Infinix Hot 60i 8GB,Infinix,44999,8,256,50,5160,0,1,WhatMobile,https://www.whatmobile.com.pk/Infinix_Hot-60i-8GB
Nokia C12,Nokia,45954,6,128,108,2800,2,1,HamariWeb,https://hamariweb.com
Tecno Spark 11,Tecno,45954,4,256,50,3600,2,1,WhatMobile,https://www.whatmobile.com.pk
Xiaomi Poco X14,Xiaomi,45954,6,256,64,3400,2,1,MegaPK,https://megapk.com
Samsung Galaxy M20,Samsung,45954,8,128,50,3400,2,1,MegaPK,https://megapk.com
ZTE nubia V80 Pro,ZTE,46999,8,256,50,5000,0,1,WhatMobile,https://www.whatmobile.com.pk/ZTE_nubia-V80-Pro
Samsung Galaxy F8,Samsung,47952,4,128,64,3300,2,1,WhatMobile,https://www.whatmobile.com.pk
Vivo V8,Vivo,47952,8,128,64,3000,2,1,WhatMobile,https://www.whatmobile.com.pk
Vivo V23,Vivo,48951,4,256,108,3100,2,1,HamariWeb,https://hamariweb.com
Samsung Galaxy M14,Samsung,49950,6,128,50,2700,2,1,WhatMobile,https://www.whatmobile.com.pk
Samsung Galaxy F10,Samsung,49950,6,128,108,3300,2,1,HamariWeb,https://hamariweb.com
Tecno Phantom 14,Tecno,49950,4,256,108,3400,2,1,HamariWeb,https://hamariweb.com
Tecno Spark 15,Tecno,49950,8,256,108,3500,2,1,HamariWeb,https://hamariweb.com
Oppo A6k,Oppo,49999,4,128,13,6100,0,1,WhatMobile,https://www.whatmobile.com.pk/Oppo_A6k
Oppo A5 8GB,Oppo,49999,8,128,50,6000,0,1,WhatMobile,https://www.whatmobile.com.pk/Oppo_A5-8GB
OnePlus 11 Pro,OnePlus,50949,8,128,64,3200,2,1,WhatMobile,https://www.whatmobile.com.pk
Realme GT 23,Realme,51948,6,128,64,3300,2,1,HamariWeb,https://hamariweb.com
Vivo V21,Vivo,52947,6,128,50,2900,2,1,MegaPK,https://megapk.com
Tecno Phantom 22,Tecno,53946,6,256,64,3600,2,1,MegaPK,https://megapk.com
Vivo Y29s,Vivo,54999,8,256,50,5500,0,1,WhatMobile,https://www.whatmobile.com.pk/Vivo_Y29s
Infinix Zero 17,Infinix,55944,4,128,64,3400,2,1,WhatMobile,https://www.whatmobile.com.pk
Infinix Note 21,Infinix,55944,6,256,64,3700,2,1,WhatMobile,https://www.whatmobile.com.pk
Infinix Note 12,Infinix,56943,4,128,64,2600,2,1,WhatMobile,https://www.whatmobile.com.pk
Vivo X16,Vivo,56943,6,256,50,3400,2,1,HamariWeb,https://hamariweb.com
Infinix Zero 15,Infinix,56943,6,128,108,3900,2,1,MegaPK,https://megapk.com
Nokia 16,Nokia,57942,8,256,50,2500,2,1,HamariWeb,https://hamariweb.com
Vivo Y31d,Vivo,57999,6,128,50,7200,0,1,WhatMobile,https://www.whatmobile.com.pk/Vivo_Y31d
Honor Play 27,Honor,58941,4,256,50,3300,2,1,WhatMobile,https://www.whatmobile.com.pk
OnePlus 10,OnePlus,58941,4,128,108,3300,2,1,MegaPK,https://megapk.com
Samsung Galaxy F5,Samsung,59940,8,256,50,3100,2,1,WhatMobile,https://www.whatmobile.com.pk
Xiaomi Redmi Note 5,Xiaomi,59940,8,128,108,3100,2,1,WhatMobile,https://www.whatmobile.com.pk
Tecno Phantom 17,Tecno,59940,6,256,64,3500,2,1,MegaPK,https://megapk.com
Samsung Galaxy A7,Samsung,59940,6,256,64,3700,2,1,WhatMobile,https://www.whatmobile.com.pk
Tecno Pop 23,Tecno,59940,8,256,64,3100,2,1,MegaPK,https://megapk.com
Huawei P7,Huawei,60939,6,128,50,3400,2,1,WhatMobile,https://www.whatmobile.com.pk
Xiaomi Poco M23,Xiaomi,61938,8,128,108,3600,2,1,WhatMobile,https://www.whatmobile.com.pk
Nokia 23,Nokia,62937,8,256,108,3800,2,1,WhatMobile,https://www.whatmobile.com.pk
Vivo X7,Vivo,62937,12,128,50,3200,2,1,WhatMobile,https://www.whatmobile.com.pk
Tecno Camon 19,Tecno,63936,8,128,50,3700,2,1,HamariWeb,https://hamariweb.com
Xiaomi Poco X11,Xiaomi,63936,8,128,64,2500,2,1,HamariWeb,https://hamariweb.com
Infinix Hot 5,Infinix,63936,6,128,108,3300,2,1,HamariWeb,https://hamariweb.com
Infinix Zero 5,Infinix,63936,6,256,108,3400,2,1,WhatMobile,https://www.whatmobile.com.pk
Infinix Smart 14,Infinix,63936,12,256,64,3600,2,1,MegaPK,https://megapk.com
Infinix Smart 11,Infinix,64935,8,128,64,3900,2,1,WhatMobile,https://www.whatmobile.com.pk
Realme 16 Pro,Realme,65934,8,256,108,3000,2,1,MegaPK,https://megapk.com
Vivo Y31d 8GB,Vivo,65999,8,128,50,7200,0,1,WhatMobile,https://www.whatmobile.com.pk/Vivo_Y31d-8GB
Oppo Find X11,Oppo,66933,8,128,64,4300,2,1,WhatMobile,https://www.whatmobile.com.pk
Vivo X18,Vivo,66933,8,256,108,4000,2,1,WhatMobile,https://www.whatmobile.com.pk
Xiaomi Poco X23,Xiaomi,67932,8,128,64,2800,2,1,WhatMobile,https://www.whatmobile.com.pk
Vivo Y29,Vivo,69930,6,256,50,3200,2,1,HamariWeb,https://hamariweb.com
Vivo Y200,Vivo,69999,8,256,64,4800,1,1,MegaPK,https://megapk.com
Huawei Y19,Huawei,70929,12,256,108,3500,2,2,WhatMobile,https://www.whatmobile.com.pk
Xiaomi Redmi 6,Xiaomi,70929,12,128,64,3300,2,2,WhatMobile,https://www.whatmobile.com.pk
Realme Note 19,Realme,70929,8,256,50,2800,2,2,HamariWeb,https://hamariweb.com
Huawei Y8,Huawei,71928,8,128,50,3500,2,2,WhatMobile,https://www.whatmobile.com.pk
Vivo Y9,Vivo,71928,8,128,64,3100,2,2,WhatMobile,https://www.whatmobile.com.pk
Vivo X6,Vivo,72927,8,256,50,3400,2,2,WhatMobile,https://www.whatmobile.com.pk
Tecno Phantom 21,Tecno,72927,8,128,64,4100,2,2,MegaPK,https://megapk.com
Realme C27,Realme,73926,8,256,50,3400,2,2,WhatMobile,https://www.whatmobile.com.pk
Xiaomi Redmi Note 20,Xiaomi,74925,6,128,50,4000,2,2,WhatMobile,https://www.whatmobile.com.pk
Infinix Note Edge,Infinix,74999,8,256,50,6500,0,2,WhatMobile,https://www.whatmobile.com.pk/Infinix_Note-Edge
Xiaomi Poco M15,Xiaomi,75924,6,256,108,3600,2,2,WhatMobile,https://www.whatmobile.com.pk
Oppo Find X17,Oppo,76923,8,128,64,3600,2,2,HamariWeb,https://hamariweb.com
Xiaomi Redmi 7,Xiaomi,76923,12,256,64,3700,2,2,WhatMobile,https://www.whatmobile.com.pk
Vivo V24,Vivo,76923,12,128,64,3300,2,2,WhatMobile,https://www.whatmobile.com.pk
Samsung Galaxy M5,Samsung,79920,6,128,108,3300,2,2,WhatMobile,https://www.whatmobile.com.pk
Vivo T19,Vivo,80919,6,1024,64,3400,2,2,WhatMobile,https://www.whatmobile.com.pk
Realme GT 16,Realme,80919,8,512,64,3800,2,2,MegaPK,https://megapk.com
OnePlus Nord 18,OnePlus,80919,8,512,50,3500,2,2,WhatMobile,https://www.whatmobile.com.pk
Samsung Galaxy S19,Samsung,81918,6,1024,64,3400,2,2,WhatMobile,https://www.whatmobile.com.pk
OnePlus Nord CE 15,OnePlus,81918,12,256,50,3300,2,2,HamariWeb,https://hamariweb.com
Vivo Y10,Vivo,82917,8,512,64,3400,2,2,WhatMobile,https://www.whatmobile.com.pk
Vivo T18,Vivo,83916,8,256,64,3300,2,2,MegaPK,https://megapk.com
Xiaomi Poco X20,Xiaomi,83916,8,512,108,3900,2,2,WhatMobile,https://www.whatmobile.com.pk
OnePlus Nord CE 13,OnePlus,83916,6,1024,50,3500,2,2,HamariWeb,https://hamariweb.com
Infinix Note 14,Infinix,83916,8,512,64,3300,2,2,WhatMobile,https://www.whatmobile.com.pk
Xiaomi Redmi Note 15,Xiaomi,85914,8,256,64,3400,2,2,HamariWeb,https://hamariweb.com
Oppo A29,Oppo,85914,12,512,50,3700,2,2,WhatMobile,https://www.whatmobile.com.pk
Xiaomi Poco X15,Xiaomi,85914,8,512,50,3500,2,2,WhatMobile,https://www.whatmobile.com.pk
Oppo A15,Oppo,85914,12,256,108,4000,2,2,WhatMobile,https://www.whatmobile.com.pk
Samsung Galaxy F12,Samsung,87912,12,256,50,3200,2,2,WhatMobile,https://www.whatmobile.com.pk
Vivo T12,Vivo,88911,8,256,108,2900,2,2,WhatMobile,https://www.whatmobile.com.pk
Vivo Y14,Vivo,88911,8,256,64,4100,2,2,WhatMobile,https://www.whatmobile.com.pk
Vivo T27,Vivo,88911,8,1024,64,3400,2,2,WhatMobile,https://www.whatmobile.com.pk
Vivo Y11,Vivo,88911,8,256,50,3300,2,2,HamariWeb,https://hamariweb.com
OnePlus 25,OnePlus,89910,12,256,108,2700,2,2,HamariWeb,https://hamariweb.com
Xiaomi Poco X6,Xiaomi,89910,8,512,50,3200,2,2,HamariWeb,https://hamariweb.com
Samsung Galaxy S22,Samsung,91908,12,512,108,3400,2,2,HamariWeb,https://hamariweb.com
Samsung Galaxy A5,Samsung,92907,6,256,64,4100,2,2,WhatMobile,https://www.whatmobile.com.pk
Xiaomi Redmi 22,Xiaomi,93906,8,1024,50,3200,2,2,WhatMobile,https://www.whatmobile.com.pk
Xiaomi Redmi Note 15 Pro,Xiaomi,94999,8,256,200,6500,0,2,WhatMobile,https://www.whatmobile.com.pk/Xiaomi_Redmi-Note-15-Pro
Vivo Y17,Vivo,95904,6,256,108,3200,2,2,WhatMobile,https://www.whatmobile.com.pk
Oppo A27,Oppo,97902,6,512,64,3700,2,2,MegaPK,https://megapk.com
Xiaomi Poco M14,Xiaomi,98901,12,512,108,3300,2,2,WhatMobile,https://www.whatmobile.com.pk
Vivo X13,Vivo,104895,8,512,200,3600,2,2,MegaPK,https://megapk.com
Xiaomi Redmi Note 7,Xiaomi,106893,8,1024,108,3700,2,2,WhatMobile,https://www.whatmobile.com.pk
Samsung Galaxy M23,Samsung,107892,8,256,50,3300,2,2,WhatMobile,https://www.whatmobile.com.pk
Apple iPhone 13 Pro Max,Apple,107892,8,256,200,4000,2,2,WhatMobile,https://www.whatmobile.com.pk
Huawei P19,Huawei,107892,6,512,108,4100,2,2,WhatMobile,https://www.whatmobile.com.pk
Samsung Galaxy F25,Samsung,108891,12,256,50,3700,2,2,WhatMobile,https://www.whatmobile.com.pk
Samsung Galaxy S5,Samsung,110889,8,1024,200,3800,2,2,WhatMobile,https://www.whatmobile.com.pk
Huawei Nova 21,Huawei,115884,8,256,108,4000,2,2,MegaPK,https://megapk.com
Samsung Galaxy S16,Samsung,124875,12,1024,108,3000,2,2,MegaPK,https://megapk.com
Samsung Galaxy F11,Samsung,125874,12,512,108,5100,2,2,WhatMobile,https://www.whatmobile.com.pk
Huawei Mate 17,Huawei,125874,12,256,50,3800,2,2,MegaPK,https://megapk.com
OnePlus Nord 17,OnePlus,128871,12,512,108,3800,2,2,WhatMobile,https://www.whatmobile.com.pk
Xiaomi Poco X24,Xiaomi,136863,12,512,200,4200,2,2,WhatMobile,https://www.whatmobile.com.pk
Samsung Galaxy F24,Samsung,137862,8,256,200,3300,2,2,WhatMobile,https://www.whatmobile.com.pk
Realme C18,Realme,137862,16,1024,200,4100,2,2,WhatMobile,https://www.whatmobile.com.pk
Honor Play 13,Honor,141858,8,256,108,3900,2,2,HamariWeb,https://hamariweb.com
Apple iPhone 17,Apple,143856,12,1024,50,4100,2,2,WhatMobile,https://www.whatmobile.com.pk
Samsung Galaxy S7,Samsung,143856,8,256,200,4000,2,2,WhatMobile,https://www.whatmobile.com.pk
Samsung Galaxy A14,Samsung,143856,8,1024,108,3700,2,2,WhatMobile,https://www.whatmobile.com.pk
Honor 15 Lite,Honor,145854,12,256,50,3800,2,2,WhatMobile,https://www.whatmobile.com.pk
Vivo V13,Vivo,146853,8,512,108,4100,2,2,HamariWeb,https://hamariweb.com
Samsung Galaxy F23,Samsung,147852,8,256,50,3600,2,2,MegaPK,https://megapk.com
Xiaomi Redmi 29,Xiaomi,147852,16,512,108,3700,2,2,WhatMobile,https://www.whatmobile.com.pk
Samsung Galaxy A18,Samsung,148851,12,1024,50,4000,2,2,WhatMobile,https://www.whatmobile.com.pk
Oppo Find X24,Oppo,151848,8,1024,50,3700,2,3,WhatMobile,https://www.whatmobile.com.pk
Oppo A13,Oppo,154845,8,512,200,4100,2,3,HamariWeb,https://hamariweb.com
OnePlus Nord CE 26,OnePlus,156843,12,256,50,4300,2,3,WhatMobile,https://www.whatmobile.com.pk
Vivo T11,Vivo,158841,12,256,108,4100,2,3,HamariWeb,https://hamariweb.com
Vivo T6,Vivo,158841,12,512,50,4100,2,3,WhatMobile,https://www.whatmobile.com.pk
Huawei Mate 16,Huawei,160839,8,512,108,3800,2,3,WhatMobile,https://www.whatmobile.com.pk
Vivo T14,Vivo,166833,12,256,108,4100,2,3,MegaPK,https://megapk.com
Vivo T24,Vivo,168831,12,512,108,4300,2,3,WhatMobile,https://www.whatmobile.com.pk
Huawei Y12,Huawei,177822,12,512,108,3200,2,3,WhatMobile,https://www.whatmobile.com.pk
Oppo Reno 12,Oppo,180819,8,256,200,4000,2,3,WhatMobile,https://www.whatmobile.com.pk
Apple iPhone 15 Pro Max,Apple,180819,8,256,200,3600,2,3,HamariWeb,https://hamariweb.com
Samsung Galaxy S24,Samsung,189999,8,256,50,4000,2,3,MegaPK,https://megapk.com
Xiaomi Poco M25,Xiaomi,195804,12,512,108,3900,2,3,HamariWeb,https://hamariweb.com
Samsung Galaxy A20,Samsung,197802,12,256,200,4500,2,3,MegaPK,https://megapk.com
Realme 16 Pro Plus,Realme,199999,12,512,200,7000,0,3,WhatMobile,https://www.whatmobile.com.pk/Realme_16-Pro-Plus
OnePlus 20 Pro,OnePlus,200799,8,256,108,4500,2,3,WhatMobile,https://www.whatmobile.com.pk
OnePlus Nord 21,OnePlus,215784,8,1024,108,3600,2,3,MegaPK,https://megapk.com
Samsung Galaxy M22,Samsung,231768,8,512,108,4400,2,3,MegaPK,https://megapk.com
Samsung Galaxy A21,Samsung,262737,12,512,200,4700,2,3,MegaPK,https://megapk.com
Samsung Galaxy A12,Samsung,263736,8,512,200,4000,2,3,WhatMobile,https://www.whatmobile.com.pk
Samsung Galaxy S21,Samsung,269730,16,1024,108,4800,2,3,HamariWeb,https://hamariweb.com
Samsung Galaxy M12,Samsung,269730,8,256,200,4900,2,3,MegaPK,https://megapk.com
OnePlus 12,OnePlus,269999,16,512,50,5400,2,3,MegaPK,https://megapk.com
OnePlus 19,OnePlus,326673,12,512,108,5400,2,3,MegaPK,https://megapk.com
Xiaomi 17,Xiaomi,329999,12,512,50,6330,0,3,WhatMobile,https://www.whatmobile.com.pk/Xiaomi_17
OnePlus Nord CE 10,OnePlus,349650,12,512,108,4100,2,3,HamariWeb,https://hamariweb.com
Apple iPhone 14 Pro Max,Apple,370629,12,512,50,5400,2,3,MegaPK,https://megapk.com
Samsung Galaxy F15,Samsung,419580,8,256,108,5500,2,3,WhatMobile,https://www.whatmobile.com.pk
Samsung Galaxy F19,Samsung,432567,12,256,108,5600,2,3,WhatMobile,https://www.whatmobile.com.pk
Xiaomi 17 Ultra,Xiaomi,479999,16,512,50,6800,0,3,WhatMobile,https://www.whatmobile.com.pk/Xiaomi_17-Ultra
Apple iPhone 15,Apple,499500,12,512,108,5700,2,3,MegaPK,https://megapk.com
Samsung Galaxy Z Fold 7,Samsung,608999,16,512,200,4400,0,3,WhatMobile,https://www.whatmobile.com.pk/Samsung_Galaxy-Z-Fold-7
"SAMSUNG Galaxy S25 Ultra, 512GB Smartphone, Unlocked Android, AI Night Mode Camera, Snapdragon 8 Elite Fast Processor, 5000mAh Battery, Built-in S Pen, 2025, US 1 Yr Warranty, Titanium Black",SAMSUNG,359957,6,512,13,5000,2,3,ExternalMarket,
"Samsung Galaxy S22 Ultra 5G, US Version, 128GB, Black - Unlocked (Renewed)",SAMSUNG,75630,6,128,50,5000,2,2,ExternalMarket,
"SAMSUNG Galaxy S25 Ultra, 256GB Smartphone, Unlocked Android, AI Night Mode Camera, Snapdragon 8 Elite Fast Processor, 5000mAh Battery, Built-in S Pen, 2025, US 1 Yr Warranty, Titanium Silverblue",SAMSUNG,312333,6,256,13,5000,2,3,ExternalMarket,
"Samsung Galaxy A16 4G Dual SIM (128GB, 2025) 6.7"" 90Hz AMOLED, Splash Resistant, 8Core, 50MP Camera (Factory Unlocked International Model for GSM, Global) A165M/DS (25W Fast Charger Bundle, Grey)",SAMSUNG,35853,6,128,13,5000,0,1,ExternalMarket,
"SAMSUNG Galaxy S25 Edge Phone, 512 GB AI Smartphone, Unlocked Android, Night Video, Fast Processor, ProScaler Display, All-Day Battery, 2025, US 1 Yr Manufacturer Warranty, Titanium JetBlack",SAMSUNG,224307,6,128,13,5000,2,3,ExternalMarket,
"SAMSUNG Galaxy A16 5G Dual SIM (128GB, 2025) 6.7"" 90Hz AMOLED, Water Resistant, 8Core, 50MP Camera (Factory Unlocked International Model for GSM, Global) A166M/DS Blue Black",SAMSUNG,51260,6,128,50,5000,1,1,ExternalMarket,
"Huness I17PROMAX Smartphone Unlocked Cell Phone,6.99"" HD Screen Unlocked Phone,16+512GB Android 15 Battery 7000mAh,Face ID/Dual SIM/5G/Fingerprint Button Unlock/Photos/GPS (Purple, 16+512G)",Huness,53220,6,512,50,5000,2,1,ExternalMarket,
"OUKITEL C68 Unlocked Cell Phone -7.2''120Hz Display, 24GB+512GB Smartphone, 6000mAh Battery Phones, 64MP+8MP Camera, Android 15 Mobile Phone, 4G Dual SIM/Fingerprint/Face ID/GPS/NFC/BT5.0, Blue",OUKITEL,70028,6,24,13,5000,0,2,ExternalMarket,
Motorola Moto G35 Dual-SIM 128GB ROM + 4GB RAM (GSM Only | No CDMA) Factory Unlocked 5G Smartphone (Midnight Black) - International Version,MOTOROLA,37816,6,128,50,5000,1,1,ExternalMarket,
"Bigme HiBreakS Color Epaper Smart Phone,3300mAh Battery, 8-Core Processor, 6GB+128GB, 5.84 Inch Mobile Phone, Dual Camera, White",Bigme,85970,6,6,13,5000,2,2,ExternalMarket,
"TCL 50 XE 5G T614SP Smartphone 128GB Storage 4GB RAM 6.52"" HD+ Display Verizon Prepaid & Postpaid Locked Blue",TCL,22129,6,128,50,5000,1,0,ExternalMarket,
"I25 Ultra 5G Unlocked Smartphone,12GB+512GB Fully Cell Phone for Android 14, 6.99"" Unlocked Cell Phone, 7000mAh, 68MP+108MP Dual Camera/Dual SIM (Desert Titanium)",I25,55711,6,12,50,5000,2,1,ExternalMarket,
"17PROMA X 16GB+512GB 6.99"" HD Screen Smartphone Unlocked Cell Phone,Android 15,Battery 7000mAh Unlocked The Phone,Fingerprint Button Unlock/GPS/Face ID/Dual SIM/5G(Blue)",17PROMA,55711,6,16,50,5000,2,1,ExternalMarket,
"UMIDIGI C2 Unlocked Cell Phone, Android 5150mAh Battery with 6.52"" Full Screen MediaTek Helio A22 Smartphone 3GB RAM+32GB ROM 256GB Expandable 13MP Camera Mobile Phone",UMIDIGI,16804,6,3,13,5000,0,0,ExternalMarket,
